{
    "accuracy": 0.7029140014214641,
    "precision": 0.46271186440677964,
    "recall": 0.7299465240641712,
    "f1": 0.5663900414937759,
    "roc_auc": 0.7855889341567834,
    "average_precision": 0.5411588353640792
}