{
    "accuracy": 0.7604832977967306,
    "precision": 0.5475578406169666,
    "recall": 0.56951871657754,
    "f1": 0.5583224115334207,
    "roc_auc": 0.8021933934182668,
    "average_precision": 0.5775772293784532
}